Feature,Case Id,Test Case,Pass,Fail,N/A,Measured,Comment,Measurement Name,Value,Unit,Target,Failure
Crosswalk WRT/Extension System,Crosswalk_EmbeddedMode_Extension_Close_viaTerminal,Validate if Crosswalk support the external extension close in the embedded mode,1,,,,"",,,,,
Crosswalk WRT/Extension System,Crosswalk_EmbeddedMode_Extension_Install,Validate if Crosswalk support the external extension install in the embedded mode,1,,,,"",,,,,
Crosswalk WRT/Extension System,Crosswalk_EmbeddedMode_Extension_Launch_viaTerminal,Validate if Crosswalk support the external extension launch in the embedded mode,1,,,,"",,,,,
Crosswalk WRT/Extension System,Crosswalk_EmbeddedMode_Extension_Uninstall_viaTerminal,Validate if Crosswalk support the external extension uninstall in the embedded mode,1,,,,"",,,,,
Crosswalk WRT/Extension System,Crosswalk_EmbeddedMode_Extension_XwalkRuntimeLibUninstall_viaTerminal,Validate if Crosswalk support the external extension in the embedded mode with runtimelib uninstall,1,,,,"",,,,,
Crosswalk WRT/Manifest,test_description_chinese,descriptiontest.TestManifestFunctions.test_description_chinese,1,,,,"",,,,,
Crosswalk WRT/Manifest,test_description_long,descriptiontest.TestManifestFunctions.test_description_long,1,,,,"",,,,,
Crosswalk WRT/Manifest,test_description_null,descriptiontest.TestManifestFunctions.test_description_null,1,,,,"",,,,,
Crosswalk WRT/Manifest,test_description_specific,descriptiontest.TestManifestFunctions.test_description_specific,1,,,,"",,,,,
Crosswalk WRT/Manifest,test_field_combination,combinationtest.TestManifestFunctions.test_field_combination,1,,,,"",,,,,
Crosswalk WRT/Manifest,test_negative_description,negativetest.TestManifestFunctions.test_negative_description,1,,,,"",,,,,
Crosswalk WRT/Manifest,test_negative_manifest264,tests.TestCaseUnit.test_negative_manifest264,1,,,,"",,,,,
Crosswalk WRT/Manifest,test_negative_manifest265,tests.TestCaseUnit.test_negative_manifest265,1,,,,"",,,,,
Crosswalk WRT/Manifest,test_negative_manifest266,tests.TestCaseUnit.test_negative_manifest266,1,,,,"",,,,,
Crosswalk WRT/Manifest,test_negative_name,negativetest.TestManifestFunctions.test_negative_name,1,,,,"",,,,,
Crosswalk WRT/Manifest,test_negative_nullfields,negativetest.TestManifestFunctions.test_negative_nullfields,1,,,,"",,,,,
Crosswalk WRT/Manifest,test_negative_nullvalue,negativetest.TestManifestFunctions.test_negative_nullvalue,1,,,,"",,,,,
Crosswalk WRT/Manifest,test_positive_manifest1,tests.TestCaseUnit.test_positive_manifest1,1,,,,"",,,,,
Crosswalk WRT/Manifest,test_positive_manifest10,tests.TestCaseUnit.test_positive_manifest10,1,,,,"",,,,,
Crosswalk WRT/Manifest,test_positive_manifest100,tests.TestCaseUnit.test_positive_manifest100,1,,,,"",,,,,
Crosswalk WRT/Manifest,test_positive_manifest101,tests.TestCaseUnit.test_positive_manifest101,1,,,,"",,,,,
Crosswalk WRT/Manifest,test_positive_manifest102,tests.TestCaseUnit.test_positive_manifest102,1,,,,"",,,,,
Crosswalk WRT/Manifest,test_positive_manifest103,tests.TestCaseUnit.test_positive_manifest103,1,,,,"",,,,,
Crosswalk WRT/Manifest,test_positive_manifest104,tests.TestCaseUnit.test_positive_manifest104,1,,,,"",,,,,
Crosswalk WRT/Manifest,test_positive_manifest105,tests.TestCaseUnit.test_positive_manifest105,1,,,,"",,,,,
Crosswalk WRT/Manifest,test_positive_manifest106,tests.TestCaseUnit.test_positive_manifest106,1,,,,"",,,,,
Crosswalk WRT/Manifest,test_positive_manifest107,tests.TestCaseUnit.test_positive_manifest107,1,,,,"",,,,,
Crosswalk WRT/Manifest,test_positive_manifest108,tests.TestCaseUnit.test_positive_manifest108,1,,,,"",,,,,
Crosswalk WRT/Manifest,test_positive_manifest109,tests.TestCaseUnit.test_positive_manifest109,1,,,,"",,,,,
Crosswalk WRT/Manifest,test_positive_manifest11,tests.TestCaseUnit.test_positive_manifest11,1,,,,"",,,,,
Crosswalk WRT/Manifest,test_positive_manifest110,tests.TestCaseUnit.test_positive_manifest110,1,,,,"",,,,,
Crosswalk WRT/Manifest,test_positive_manifest111,tests.TestCaseUnit.test_positive_manifest111,1,,,,"",,,,,
Crosswalk WRT/Manifest,test_positive_manifest112,tests.TestCaseUnit.test_positive_manifest112,1,,,,"",,,,,
Crosswalk WRT/Manifest,test_positive_manifest113,tests.TestCaseUnit.test_positive_manifest113,1,,,,"",,,,,
Crosswalk WRT/Manifest,test_positive_manifest114,tests.TestCaseUnit.test_positive_manifest114,1,,,,"",,,,,
Crosswalk WRT/Manifest,test_positive_manifest115,tests.TestCaseUnit.test_positive_manifest115,1,,,,"",,,,,
Crosswalk WRT/Manifest,test_positive_manifest116,tests.TestCaseUnit.test_positive_manifest116,1,,,,"",,,,,
Crosswalk WRT/Manifest,test_positive_manifest117,tests.TestCaseUnit.test_positive_manifest117,1,,,,"",,,,,
Crosswalk WRT/Manifest,test_positive_manifest118,tests.TestCaseUnit.test_positive_manifest118,1,,,,"",,,,,
Crosswalk WRT/Manifest,test_positive_manifest119,tests.TestCaseUnit.test_positive_manifest119,1,,,,"",,,,,
Crosswalk WRT/Manifest,test_positive_manifest12,tests.TestCaseUnit.test_positive_manifest12,1,,,,"",,,,,
Crosswalk WRT/Manifest,test_positive_manifest120,tests.TestCaseUnit.test_positive_manifest120,1,,,,"",,,,,
Crosswalk WRT/Manifest,test_positive_manifest121,tests.TestCaseUnit.test_positive_manifest121,1,,,,"",,,,,
Crosswalk WRT/Manifest,test_positive_manifest122,tests.TestCaseUnit.test_positive_manifest122,1,,,,"",,,,,
Crosswalk WRT/Manifest,test_positive_manifest123,tests.TestCaseUnit.test_positive_manifest123,1,,,,"",,,,,
Crosswalk WRT/Manifest,test_positive_manifest124,tests.TestCaseUnit.test_positive_manifest124,1,,,,"",,,,,
Crosswalk WRT/Manifest,test_positive_manifest125,tests.TestCaseUnit.test_positive_manifest125,1,,,,"",,,,,
Crosswalk WRT/Manifest,test_positive_manifest126,tests.TestCaseUnit.test_positive_manifest126,1,,,,"",,,,,
Crosswalk WRT/Manifest,test_positive_manifest127,tests.TestCaseUnit.test_positive_manifest127,1,,,,"",,,,,
Crosswalk WRT/Manifest,test_positive_manifest128,tests.TestCaseUnit.test_positive_manifest128,1,,,,"",,,,,
Crosswalk WRT/Manifest,test_positive_manifest129,tests.TestCaseUnit.test_positive_manifest129,1,,,,"",,,,,
Crosswalk WRT/Manifest,test_positive_manifest13,tests.TestCaseUnit.test_positive_manifest13,1,,,,"",,,,,
Crosswalk WRT/Manifest,test_positive_manifest130,tests.TestCaseUnit.test_positive_manifest130,1,,,,"",,,,,
Crosswalk WRT/Manifest,test_positive_manifest131,tests.TestCaseUnit.test_positive_manifest131,1,,,,"",,,,,
Crosswalk WRT/Manifest,test_positive_manifest132,tests.TestCaseUnit.test_positive_manifest132,1,,,,"",,,,,
Crosswalk WRT/Manifest,test_positive_manifest133,tests.TestCaseUnit.test_positive_manifest133,1,,,,"",,,,,
Crosswalk WRT/Manifest,test_positive_manifest134,tests.TestCaseUnit.test_positive_manifest134,1,,,,"",,,,,
Crosswalk WRT/Manifest,test_positive_manifest135,tests.TestCaseUnit.test_positive_manifest135,1,,,,"",,,,,
Crosswalk WRT/Manifest,test_positive_manifest136,tests.TestCaseUnit.test_positive_manifest136,1,,,,"",,,,,
Crosswalk WRT/Manifest,test_positive_manifest137,tests.TestCaseUnit.test_positive_manifest137,1,,,,"",,,,,
Crosswalk WRT/Manifest,test_positive_manifest138,tests.TestCaseUnit.test_positive_manifest138,1,,,,"",,,,,
Crosswalk WRT/Manifest,test_positive_manifest139,tests.TestCaseUnit.test_positive_manifest139,1,,,,"",,,,,
Crosswalk WRT/Manifest,test_positive_manifest14,tests.TestCaseUnit.test_positive_manifest14,1,,,,"",,,,,
Crosswalk WRT/Manifest,test_positive_manifest140,tests.TestCaseUnit.test_positive_manifest140,1,,,,"",,,,,
Crosswalk WRT/Manifest,test_positive_manifest141,tests.TestCaseUnit.test_positive_manifest141,1,,,,"",,,,,
Crosswalk WRT/Manifest,test_positive_manifest142,tests.TestCaseUnit.test_positive_manifest142,1,,,,"",,,,,
Crosswalk WRT/Manifest,test_positive_manifest143,tests.TestCaseUnit.test_positive_manifest143,1,,,,"",,,,,
Crosswalk WRT/Manifest,test_positive_manifest144,tests.TestCaseUnit.test_positive_manifest144,1,,,,"",,,,,
Crosswalk WRT/Manifest,test_positive_manifest145,tests.TestCaseUnit.test_positive_manifest145,1,,,,"",,,,,
Crosswalk WRT/Manifest,test_positive_manifest146,tests.TestCaseUnit.test_positive_manifest146,1,,,,"",,,,,
Crosswalk WRT/Manifest,test_positive_manifest147,tests.TestCaseUnit.test_positive_manifest147,1,,,,"",,,,,
Crosswalk WRT/Manifest,test_positive_manifest148,tests.TestCaseUnit.test_positive_manifest148,1,,,,"",,,,,
Crosswalk WRT/Manifest,test_positive_manifest149,tests.TestCaseUnit.test_positive_manifest149,1,,,,"",,,,,
Crosswalk WRT/Manifest,test_positive_manifest15,tests.TestCaseUnit.test_positive_manifest15,1,,,,"",,,,,
Crosswalk WRT/Manifest,test_positive_manifest150,tests.TestCaseUnit.test_positive_manifest150,1,,,,"",,,,,
Crosswalk WRT/Manifest,test_positive_manifest151,tests.TestCaseUnit.test_positive_manifest151,1,,,,"",,,,,
Crosswalk WRT/Manifest,test_positive_manifest152,tests.TestCaseUnit.test_positive_manifest152,1,,,,"",,,,,
Crosswalk WRT/Manifest,test_positive_manifest153,tests.TestCaseUnit.test_positive_manifest153,1,,,,"",,,,,
Crosswalk WRT/Manifest,test_positive_manifest154,tests.TestCaseUnit.test_positive_manifest154,1,,,,"",,,,,
Crosswalk WRT/Manifest,test_positive_manifest155,tests.TestCaseUnit.test_positive_manifest155,1,,,,"",,,,,
Crosswalk WRT/Manifest,test_positive_manifest156,tests.TestCaseUnit.test_positive_manifest156,1,,,,"",,,,,
Crosswalk WRT/Manifest,test_positive_manifest157,tests.TestCaseUnit.test_positive_manifest157,1,,,,"",,,,,
Crosswalk WRT/Manifest,test_positive_manifest158,tests.TestCaseUnit.test_positive_manifest158,1,,,,"",,,,,
Crosswalk WRT/Manifest,test_positive_manifest159,tests.TestCaseUnit.test_positive_manifest159,1,,,,"",,,,,
Crosswalk WRT/Manifest,test_positive_manifest16,tests.TestCaseUnit.test_positive_manifest16,1,,,,"",,,,,
Crosswalk WRT/Manifest,test_positive_manifest160,tests.TestCaseUnit.test_positive_manifest160,1,,,,"",,,,,
Crosswalk WRT/Manifest,test_positive_manifest161,tests.TestCaseUnit.test_positive_manifest161,1,,,,"",,,,,
Crosswalk WRT/Manifest,test_positive_manifest162,tests.TestCaseUnit.test_positive_manifest162,1,,,,"",,,,,
Crosswalk WRT/Manifest,test_positive_manifest163,tests.TestCaseUnit.test_positive_manifest163,1,,,,"",,,,,
Crosswalk WRT/Manifest,test_positive_manifest164,tests.TestCaseUnit.test_positive_manifest164,1,,,,"",,,,,
Crosswalk WRT/Manifest,test_positive_manifest165,tests.TestCaseUnit.test_positive_manifest165,1,,,,"",,,,,
Crosswalk WRT/Manifest,test_positive_manifest166,tests.TestCaseUnit.test_positive_manifest166,1,,,,"",,,,,
Crosswalk WRT/Manifest,test_positive_manifest167,tests.TestCaseUnit.test_positive_manifest167,1,,,,"",,,,,
Crosswalk WRT/Manifest,test_positive_manifest168,tests.TestCaseUnit.test_positive_manifest168,1,,,,"",,,,,
Crosswalk WRT/Manifest,test_positive_manifest169,tests.TestCaseUnit.test_positive_manifest169,1,,,,"",,,,,
Crosswalk WRT/Manifest,test_positive_manifest17,tests.TestCaseUnit.test_positive_manifest17,1,,,,"",,,,,
Crosswalk WRT/Manifest,test_positive_manifest170,tests.TestCaseUnit.test_positive_manifest170,1,,,,"",,,,,
Crosswalk WRT/Manifest,test_positive_manifest171,tests.TestCaseUnit.test_positive_manifest171,1,,,,"",,,,,
Crosswalk WRT/Manifest,test_positive_manifest172,tests.TestCaseUnit.test_positive_manifest172,1,,,,"",,,,,
Crosswalk WRT/Manifest,test_positive_manifest173,tests.TestCaseUnit.test_positive_manifest173,1,,,,"",,,,,
Crosswalk WRT/Manifest,test_positive_manifest174,tests.TestCaseUnit.test_positive_manifest174,1,,,,"",,,,,
Crosswalk WRT/Manifest,test_positive_manifest175,tests.TestCaseUnit.test_positive_manifest175,1,,,,"",,,,,
Crosswalk WRT/Manifest,test_positive_manifest176,tests.TestCaseUnit.test_positive_manifest176,1,,,,"",,,,,
Crosswalk WRT/Manifest,test_positive_manifest177,tests.TestCaseUnit.test_positive_manifest177,1,,,,"",,,,,
Crosswalk WRT/Manifest,test_positive_manifest178,tests.TestCaseUnit.test_positive_manifest178,1,,,,"",,,,,
Crosswalk WRT/Manifest,test_positive_manifest179,tests.TestCaseUnit.test_positive_manifest179,1,,,,"",,,,,
Crosswalk WRT/Manifest,test_positive_manifest18,tests.TestCaseUnit.test_positive_manifest18,1,,,,"",,,,,
Crosswalk WRT/Manifest,test_positive_manifest180,tests.TestCaseUnit.test_positive_manifest180,1,,,,"",,,,,
Crosswalk WRT/Manifest,test_positive_manifest181,tests.TestCaseUnit.test_positive_manifest181,1,,,,"",,,,,
Crosswalk WRT/Manifest,test_positive_manifest182,tests.TestCaseUnit.test_positive_manifest182,1,,,,"",,,,,
Crosswalk WRT/Manifest,test_positive_manifest183,tests.TestCaseUnit.test_positive_manifest183,1,,,,"",,,,,
Crosswalk WRT/Manifest,test_positive_manifest184,tests.TestCaseUnit.test_positive_manifest184,1,,,,"",,,,,
Crosswalk WRT/Manifest,test_positive_manifest185,tests.TestCaseUnit.test_positive_manifest185,1,,,,"",,,,,
Crosswalk WRT/Manifest,test_positive_manifest186,tests.TestCaseUnit.test_positive_manifest186,1,,,,"",,,,,
Crosswalk WRT/Manifest,test_positive_manifest187,tests.TestCaseUnit.test_positive_manifest187,1,,,,"",,,,,
Crosswalk WRT/Manifest,test_positive_manifest188,tests.TestCaseUnit.test_positive_manifest188,1,,,,"",,,,,
Crosswalk WRT/Manifest,test_positive_manifest189,tests.TestCaseUnit.test_positive_manifest189,1,,,,"",,,,,
Crosswalk WRT/Manifest,test_positive_manifest19,tests.TestCaseUnit.test_positive_manifest19,1,,,,"",,,,,
Crosswalk WRT/Manifest,test_positive_manifest190,tests.TestCaseUnit.test_positive_manifest190,1,,,,"",,,,,
Crosswalk WRT/Manifest,test_positive_manifest191,tests.TestCaseUnit.test_positive_manifest191,1,,,,"",,,,,
Crosswalk WRT/Manifest,test_positive_manifest192,tests.TestCaseUnit.test_positive_manifest192,1,,,,"",,,,,
Crosswalk WRT/Manifest,test_positive_manifest193,tests.TestCaseUnit.test_positive_manifest193,1,,,,"",,,,,
Crosswalk WRT/Manifest,test_positive_manifest194,tests.TestCaseUnit.test_positive_manifest194,1,,,,"",,,,,
Crosswalk WRT/Manifest,test_positive_manifest195,tests.TestCaseUnit.test_positive_manifest195,1,,,,"",,,,,
Crosswalk WRT/Manifest,test_positive_manifest196,tests.TestCaseUnit.test_positive_manifest196,1,,,,"",,,,,
Crosswalk WRT/Manifest,test_positive_manifest197,tests.TestCaseUnit.test_positive_manifest197,1,,,,"",,,,,
Crosswalk WRT/Manifest,test_positive_manifest198,tests.TestCaseUnit.test_positive_manifest198,1,,,,"",,,,,
Crosswalk WRT/Manifest,test_positive_manifest199,tests.TestCaseUnit.test_positive_manifest199,1,,,,"",,,,,
Crosswalk WRT/Manifest,test_positive_manifest2,tests.TestCaseUnit.test_positive_manifest2,1,,,,"",,,,,
Crosswalk WRT/Manifest,test_positive_manifest20,tests.TestCaseUnit.test_positive_manifest20,1,,,,"",,,,,
Crosswalk WRT/Manifest,test_positive_manifest200,tests.TestCaseUnit.test_positive_manifest200,1,,,,"",,,,,
Crosswalk WRT/Manifest,test_positive_manifest201,tests.TestCaseUnit.test_positive_manifest201,1,,,,"",,,,,
Crosswalk WRT/Manifest,test_positive_manifest202,tests.TestCaseUnit.test_positive_manifest202,1,,,,"",,,,,
Crosswalk WRT/Manifest,test_positive_manifest203,tests.TestCaseUnit.test_positive_manifest203,1,,,,"",,,,,
Crosswalk WRT/Manifest,test_positive_manifest204,tests.TestCaseUnit.test_positive_manifest204,1,,,,"",,,,,
Crosswalk WRT/Manifest,test_positive_manifest205,tests.TestCaseUnit.test_positive_manifest205,1,,,,"",,,,,
Crosswalk WRT/Manifest,test_positive_manifest206,tests.TestCaseUnit.test_positive_manifest206,1,,,,"",,,,,
Crosswalk WRT/Manifest,test_positive_manifest207,tests.TestCaseUnit.test_positive_manifest207,1,,,,"",,,,,
Crosswalk WRT/Manifest,test_positive_manifest208,tests.TestCaseUnit.test_positive_manifest208,1,,,,"",,,,,
Crosswalk WRT/Manifest,test_positive_manifest209,tests.TestCaseUnit.test_positive_manifest209,1,,,,"",,,,,
Crosswalk WRT/Manifest,test_positive_manifest21,tests.TestCaseUnit.test_positive_manifest21,1,,,,"",,,,,
Crosswalk WRT/Manifest,test_positive_manifest210,tests.TestCaseUnit.test_positive_manifest210,1,,,,"",,,,,
Crosswalk WRT/Manifest,test_positive_manifest211,tests.TestCaseUnit.test_positive_manifest211,1,,,,"",,,,,
Crosswalk WRT/Manifest,test_positive_manifest212,tests.TestCaseUnit.test_positive_manifest212,1,,,,"",,,,,
Crosswalk WRT/Manifest,test_positive_manifest213,tests.TestCaseUnit.test_positive_manifest213,1,,,,"",,,,,
Crosswalk WRT/Manifest,test_positive_manifest214,tests.TestCaseUnit.test_positive_manifest214,1,,,,"",,,,,
Crosswalk WRT/Manifest,test_positive_manifest215,tests.TestCaseUnit.test_positive_manifest215,1,,,,"",,,,,
Crosswalk WRT/Manifest,test_positive_manifest216,tests.TestCaseUnit.test_positive_manifest216,1,,,,"",,,,,
Crosswalk WRT/Manifest,test_positive_manifest217,tests.TestCaseUnit.test_positive_manifest217,1,,,,"",,,,,
Crosswalk WRT/Manifest,test_positive_manifest218,tests.TestCaseUnit.test_positive_manifest218,1,,,,"",,,,,
Crosswalk WRT/Manifest,test_positive_manifest219,tests.TestCaseUnit.test_positive_manifest219,1,,,,"",,,,,
Crosswalk WRT/Manifest,test_positive_manifest22,tests.TestCaseUnit.test_positive_manifest22,1,,,,"",,,,,
Crosswalk WRT/Manifest,test_positive_manifest220,tests.TestCaseUnit.test_positive_manifest220,1,,,,"",,,,,
Crosswalk WRT/Manifest,test_positive_manifest221,tests.TestCaseUnit.test_positive_manifest221,1,,,,"",,,,,
Crosswalk WRT/Manifest,test_positive_manifest222,tests.TestCaseUnit.test_positive_manifest222,1,,,,"",,,,,
Crosswalk WRT/Manifest,test_positive_manifest223,tests.TestCaseUnit.test_positive_manifest223,1,,,,"",,,,,
Crosswalk WRT/Manifest,test_positive_manifest224,tests.TestCaseUnit.test_positive_manifest224,1,,,,"",,,,,
Crosswalk WRT/Manifest,test_positive_manifest225,tests.TestCaseUnit.test_positive_manifest225,1,,,,"",,,,,
Crosswalk WRT/Manifest,test_positive_manifest226,tests.TestCaseUnit.test_positive_manifest226,1,,,,"",,,,,
Crosswalk WRT/Manifest,test_positive_manifest227,tests.TestCaseUnit.test_positive_manifest227,1,,,,"",,,,,
Crosswalk WRT/Manifest,test_positive_manifest228,tests.TestCaseUnit.test_positive_manifest228,1,,,,"",,,,,
Crosswalk WRT/Manifest,test_positive_manifest229,tests.TestCaseUnit.test_positive_manifest229,1,,,,"",,,,,
Crosswalk WRT/Manifest,test_positive_manifest23,tests.TestCaseUnit.test_positive_manifest23,1,,,,"",,,,,
Crosswalk WRT/Manifest,test_positive_manifest230,tests.TestCaseUnit.test_positive_manifest230,1,,,,"",,,,,
Crosswalk WRT/Manifest,test_positive_manifest231,tests.TestCaseUnit.test_positive_manifest231,1,,,,"",,,,,
Crosswalk WRT/Manifest,test_positive_manifest232,tests.TestCaseUnit.test_positive_manifest232,1,,,,"",,,,,
Crosswalk WRT/Manifest,test_positive_manifest233,tests.TestCaseUnit.test_positive_manifest233,1,,,,"",,,,,
Crosswalk WRT/Manifest,test_positive_manifest234,tests.TestCaseUnit.test_positive_manifest234,1,,,,"",,,,,
Crosswalk WRT/Manifest,test_positive_manifest235,tests.TestCaseUnit.test_positive_manifest235,1,,,,"",,,,,
Crosswalk WRT/Manifest,test_positive_manifest236,tests.TestCaseUnit.test_positive_manifest236,1,,,,"",,,,,
Crosswalk WRT/Manifest,test_positive_manifest237,tests.TestCaseUnit.test_positive_manifest237,1,,,,"",,,,,
Crosswalk WRT/Manifest,test_positive_manifest238,tests.TestCaseUnit.test_positive_manifest238,1,,,,"",,,,,
Crosswalk WRT/Manifest,test_positive_manifest239,tests.TestCaseUnit.test_positive_manifest239,1,,,,"",,,,,
Crosswalk WRT/Manifest,test_positive_manifest24,tests.TestCaseUnit.test_positive_manifest24,1,,,,"",,,,,
Crosswalk WRT/Manifest,test_positive_manifest240,tests.TestCaseUnit.test_positive_manifest240,1,,,,"",,,,,
Crosswalk WRT/Manifest,test_positive_manifest241,tests.TestCaseUnit.test_positive_manifest241,1,,,,"",,,,,
Crosswalk WRT/Manifest,test_positive_manifest242,tests.TestCaseUnit.test_positive_manifest242,1,,,,"",,,,,
Crosswalk WRT/Manifest,test_positive_manifest243,tests.TestCaseUnit.test_positive_manifest243,1,,,,"",,,,,
Crosswalk WRT/Manifest,test_positive_manifest244,tests.TestCaseUnit.test_positive_manifest244,1,,,,"",,,,,
Crosswalk WRT/Manifest,test_positive_manifest245,tests.TestCaseUnit.test_positive_manifest245,1,,,,"",,,,,
Crosswalk WRT/Manifest,test_positive_manifest246,tests.TestCaseUnit.test_positive_manifest246,1,,,,"",,,,,
Crosswalk WRT/Manifest,test_positive_manifest247,tests.TestCaseUnit.test_positive_manifest247,1,,,,"",,,,,
Crosswalk WRT/Manifest,test_positive_manifest248,tests.TestCaseUnit.test_positive_manifest248,1,,,,"",,,,,
Crosswalk WRT/Manifest,test_positive_manifest249,tests.TestCaseUnit.test_positive_manifest249,1,,,,"",,,,,
Crosswalk WRT/Manifest,test_positive_manifest25,tests.TestCaseUnit.test_positive_manifest25,1,,,,"",,,,,
Crosswalk WRT/Manifest,test_positive_manifest250,tests.TestCaseUnit.test_positive_manifest250,1,,,,"",,,,,
Crosswalk WRT/Manifest,test_positive_manifest251,tests.TestCaseUnit.test_positive_manifest251,1,,,,"",,,,,
Crosswalk WRT/Manifest,test_positive_manifest252,tests.TestCaseUnit.test_positive_manifest252,1,,,,"",,,,,
Crosswalk WRT/Manifest,test_positive_manifest253,tests.TestCaseUnit.test_positive_manifest253,1,,,,"",,,,,
Crosswalk WRT/Manifest,test_positive_manifest254,tests.TestCaseUnit.test_positive_manifest254,1,,,,"",,,,,
Crosswalk WRT/Manifest,test_positive_manifest255,tests.TestCaseUnit.test_positive_manifest255,1,,,,"",,,,,
Crosswalk WRT/Manifest,test_positive_manifest256,tests.TestCaseUnit.test_positive_manifest256,1,,,,"",,,,,
Crosswalk WRT/Manifest,test_positive_manifest257,tests.TestCaseUnit.test_positive_manifest257,1,,,,"",,,,,
Crosswalk WRT/Manifest,test_positive_manifest258,tests.TestCaseUnit.test_positive_manifest258,1,,,,"",,,,,
Crosswalk WRT/Manifest,test_positive_manifest259,tests.TestCaseUnit.test_positive_manifest259,1,,,,"",,,,,
Crosswalk WRT/Manifest,test_positive_manifest26,tests.TestCaseUnit.test_positive_manifest26,1,,,,"",,,,,
Crosswalk WRT/Manifest,test_positive_manifest260,tests.TestCaseUnit.test_positive_manifest260,1,,,,"",,,,,
Crosswalk WRT/Manifest,test_positive_manifest261,tests.TestCaseUnit.test_positive_manifest261,1,,,,"",,,,,
Crosswalk WRT/Manifest,test_positive_manifest262,tests.TestCaseUnit.test_positive_manifest262,1,,,,"",,,,,
Crosswalk WRT/Manifest,test_positive_manifest263,tests.TestCaseUnit.test_positive_manifest263,1,,,,"",,,,,
Crosswalk WRT/Manifest,test_positive_manifest27,tests.TestCaseUnit.test_positive_manifest27,1,,,,"",,,,,
Crosswalk WRT/Manifest,test_positive_manifest28,tests.TestCaseUnit.test_positive_manifest28,1,,,,"",,,,,
Crosswalk WRT/Manifest,test_positive_manifest29,tests.TestCaseUnit.test_positive_manifest29,1,,,,"",,,,,
Crosswalk WRT/Manifest,test_positive_manifest3,tests.TestCaseUnit.test_positive_manifest3,1,,,,"",,,,,
Crosswalk WRT/Manifest,test_positive_manifest30,tests.TestCaseUnit.test_positive_manifest30,1,,,,"",,,,,
Crosswalk WRT/Manifest,test_positive_manifest31,tests.TestCaseUnit.test_positive_manifest31,1,,,,"",,,,,
Crosswalk WRT/Manifest,test_positive_manifest32,tests.TestCaseUnit.test_positive_manifest32,1,,,,"",,,,,
Crosswalk WRT/Manifest,test_positive_manifest33,tests.TestCaseUnit.test_positive_manifest33,1,,,,"",,,,,
Crosswalk WRT/Manifest,test_positive_manifest34,tests.TestCaseUnit.test_positive_manifest34,1,,,,"",,,,,
Crosswalk WRT/Manifest,test_positive_manifest35,tests.TestCaseUnit.test_positive_manifest35,1,,,,"",,,,,
Crosswalk WRT/Manifest,test_positive_manifest36,tests.TestCaseUnit.test_positive_manifest36,1,,,,"",,,,,
Crosswalk WRT/Manifest,test_positive_manifest37,tests.TestCaseUnit.test_positive_manifest37,1,,,,"",,,,,
Crosswalk WRT/Manifest,test_positive_manifest38,tests.TestCaseUnit.test_positive_manifest38,1,,,,"",,,,,
Crosswalk WRT/Manifest,test_positive_manifest39,tests.TestCaseUnit.test_positive_manifest39,1,,,,"",,,,,
Crosswalk WRT/Manifest,test_positive_manifest4,tests.TestCaseUnit.test_positive_manifest4,1,,,,"",,,,,
Crosswalk WRT/Manifest,test_positive_manifest40,tests.TestCaseUnit.test_positive_manifest40,1,,,,"",,,,,
Crosswalk WRT/Manifest,test_positive_manifest41,tests.TestCaseUnit.test_positive_manifest41,1,,,,"",,,,,
Crosswalk WRT/Manifest,test_positive_manifest42,tests.TestCaseUnit.test_positive_manifest42,1,,,,"",,,,,
Crosswalk WRT/Manifest,test_positive_manifest43,tests.TestCaseUnit.test_positive_manifest43,1,,,,"",,,,,
Crosswalk WRT/Manifest,test_positive_manifest44,tests.TestCaseUnit.test_positive_manifest44,1,,,,"",,,,,
Crosswalk WRT/Manifest,test_positive_manifest45,tests.TestCaseUnit.test_positive_manifest45,1,,,,"",,,,,
Crosswalk WRT/Manifest,test_positive_manifest46,tests.TestCaseUnit.test_positive_manifest46,1,,,,"",,,,,
Crosswalk WRT/Manifest,test_positive_manifest47,tests.TestCaseUnit.test_positive_manifest47,1,,,,"",,,,,
Crosswalk WRT/Manifest,test_positive_manifest48,tests.TestCaseUnit.test_positive_manifest48,1,,,,"",,,,,
Crosswalk WRT/Manifest,test_positive_manifest49,tests.TestCaseUnit.test_positive_manifest49,1,,,,"",,,,,
Crosswalk WRT/Manifest,test_positive_manifest5,tests.TestCaseUnit.test_positive_manifest5,1,,,,"",,,,,
Crosswalk WRT/Manifest,test_positive_manifest50,tests.TestCaseUnit.test_positive_manifest50,1,,,,"",,,,,
Crosswalk WRT/Manifest,test_positive_manifest51,tests.TestCaseUnit.test_positive_manifest51,1,,,,"",,,,,
Crosswalk WRT/Manifest,test_positive_manifest52,tests.TestCaseUnit.test_positive_manifest52,1,,,,"",,,,,
Crosswalk WRT/Manifest,test_positive_manifest53,tests.TestCaseUnit.test_positive_manifest53,1,,,,"",,,,,
Crosswalk WRT/Manifest,test_positive_manifest54,tests.TestCaseUnit.test_positive_manifest54,1,,,,"",,,,,
Crosswalk WRT/Manifest,test_positive_manifest55,tests.TestCaseUnit.test_positive_manifest55,1,,,,"",,,,,
Crosswalk WRT/Manifest,test_positive_manifest56,tests.TestCaseUnit.test_positive_manifest56,1,,,,"",,,,,
Crosswalk WRT/Manifest,test_positive_manifest57,tests.TestCaseUnit.test_positive_manifest57,1,,,,"",,,,,
Crosswalk WRT/Manifest,test_positive_manifest58,tests.TestCaseUnit.test_positive_manifest58,1,,,,"",,,,,
Crosswalk WRT/Manifest,test_positive_manifest59,tests.TestCaseUnit.test_positive_manifest59,1,,,,"",,,,,
Crosswalk WRT/Manifest,test_positive_manifest6,tests.TestCaseUnit.test_positive_manifest6,1,,,,"",,,,,
Crosswalk WRT/Manifest,test_positive_manifest60,tests.TestCaseUnit.test_positive_manifest60,1,,,,"",,,,,
Crosswalk WRT/Manifest,test_positive_manifest61,tests.TestCaseUnit.test_positive_manifest61,1,,,,"",,,,,
Crosswalk WRT/Manifest,test_positive_manifest62,tests.TestCaseUnit.test_positive_manifest62,1,,,,"",,,,,
Crosswalk WRT/Manifest,test_positive_manifest63,tests.TestCaseUnit.test_positive_manifest63,1,,,,"",,,,,
Crosswalk WRT/Manifest,test_positive_manifest64,tests.TestCaseUnit.test_positive_manifest64,1,,,,"",,,,,
Crosswalk WRT/Manifest,test_positive_manifest65,tests.TestCaseUnit.test_positive_manifest65,1,,,,"",,,,,
Crosswalk WRT/Manifest,test_positive_manifest66,tests.TestCaseUnit.test_positive_manifest66,1,,,,"",,,,,
Crosswalk WRT/Manifest,test_positive_manifest67,tests.TestCaseUnit.test_positive_manifest67,1,,,,"",,,,,
Crosswalk WRT/Manifest,test_positive_manifest68,tests.TestCaseUnit.test_positive_manifest68,1,,,,"",,,,,
Crosswalk WRT/Manifest,test_positive_manifest69,tests.TestCaseUnit.test_positive_manifest69,1,,,,"",,,,,
Crosswalk WRT/Manifest,test_positive_manifest7,tests.TestCaseUnit.test_positive_manifest7,1,,,,"",,,,,
Crosswalk WRT/Manifest,test_positive_manifest70,tests.TestCaseUnit.test_positive_manifest70,1,,,,"",,,,,
Crosswalk WRT/Manifest,test_positive_manifest71,tests.TestCaseUnit.test_positive_manifest71,1,,,,"",,,,,
Crosswalk WRT/Manifest,test_positive_manifest72,tests.TestCaseUnit.test_positive_manifest72,1,,,,"",,,,,
Crosswalk WRT/Manifest,test_positive_manifest73,tests.TestCaseUnit.test_positive_manifest73,1,,,,"",,,,,
Crosswalk WRT/Manifest,test_positive_manifest74,tests.TestCaseUnit.test_positive_manifest74,1,,,,"",,,,,
Crosswalk WRT/Manifest,test_positive_manifest75,tests.TestCaseUnit.test_positive_manifest75,1,,,,"",,,,,
Crosswalk WRT/Manifest,test_positive_manifest76,tests.TestCaseUnit.test_positive_manifest76,1,,,,"",,,,,
Crosswalk WRT/Manifest,test_positive_manifest77,tests.TestCaseUnit.test_positive_manifest77,1,,,,"",,,,,
Crosswalk WRT/Manifest,test_positive_manifest78,tests.TestCaseUnit.test_positive_manifest78,1,,,,"",,,,,
Crosswalk WRT/Manifest,test_positive_manifest79,tests.TestCaseUnit.test_positive_manifest79,1,,,,"",,,,,
Crosswalk WRT/Manifest,test_positive_manifest8,tests.TestCaseUnit.test_positive_manifest8,1,,,,"",,,,,
Crosswalk WRT/Manifest,test_positive_manifest80,tests.TestCaseUnit.test_positive_manifest80,1,,,,"",,,,,
Crosswalk WRT/Manifest,test_positive_manifest81,tests.TestCaseUnit.test_positive_manifest81,1,,,,"",,,,,
Crosswalk WRT/Manifest,test_positive_manifest82,tests.TestCaseUnit.test_positive_manifest82,1,,,,"",,,,,
Crosswalk WRT/Manifest,test_positive_manifest83,tests.TestCaseUnit.test_positive_manifest83,1,,,,"",,,,,
Crosswalk WRT/Manifest,test_positive_manifest84,tests.TestCaseUnit.test_positive_manifest84,1,,,,"",,,,,
Crosswalk WRT/Manifest,test_positive_manifest85,tests.TestCaseUnit.test_positive_manifest85,1,,,,"",,,,,
Crosswalk WRT/Manifest,test_positive_manifest86,tests.TestCaseUnit.test_positive_manifest86,1,,,,"",,,,,
Crosswalk WRT/Manifest,test_positive_manifest87,tests.TestCaseUnit.test_positive_manifest87,1,,,,"",,,,,
Crosswalk WRT/Manifest,test_positive_manifest88,tests.TestCaseUnit.test_positive_manifest88,1,,,,"",,,,,
Crosswalk WRT/Manifest,test_positive_manifest89,tests.TestCaseUnit.test_positive_manifest89,1,,,,"",,,,,
Crosswalk WRT/Manifest,test_positive_manifest9,tests.TestCaseUnit.test_positive_manifest9,1,,,,"",,,,,
Crosswalk WRT/Manifest,test_positive_manifest90,tests.TestCaseUnit.test_positive_manifest90,1,,,,"",,,,,
Crosswalk WRT/Manifest,test_positive_manifest91,tests.TestCaseUnit.test_positive_manifest91,1,,,,"",,,,,
Crosswalk WRT/Manifest,test_positive_manifest92,tests.TestCaseUnit.test_positive_manifest92,1,,,,"",,,,,
Crosswalk WRT/Manifest,test_positive_manifest93,tests.TestCaseUnit.test_positive_manifest93,1,,,,"",,,,,
Crosswalk WRT/Manifest,test_positive_manifest94,tests.TestCaseUnit.test_positive_manifest94,1,,,,"",,,,,
Crosswalk WRT/Manifest,test_positive_manifest95,tests.TestCaseUnit.test_positive_manifest95,1,,,,"",,,,,
Crosswalk WRT/Manifest,test_positive_manifest96,tests.TestCaseUnit.test_positive_manifest96,1,,,,"",,,,,
Crosswalk WRT/Manifest,test_positive_manifest97,tests.TestCaseUnit.test_positive_manifest97,1,,,,"",,,,,
Crosswalk WRT/Manifest,test_positive_manifest98,tests.TestCaseUnit.test_positive_manifest98,1,,,,"",,,,,
Crosswalk WRT/Manifest,test_positive_manifest99,tests.TestCaseUnit.test_positive_manifest99,1,,,,"",,,,,
Crosswalk WRT/Manifest,test_starturl_blank,starturltest.TestManifestFunctions.test_starturl_blank,1,,,,"",,,,,
Crosswalk WRT/Manifest,test_starturl_chinese,starturltest.TestManifestFunctions.test_starturl_chinese,1,,,,"",,,,,
Crosswalk WRT/Manifest,test_starturl_namedhttp,starturltest.TestManifestFunctions.test_starturl_namedhttp,1,,,,"",,,,,
Crosswalk WRT/Manifest,test_starturl_noexists,starturltest.TestManifestFunctions.test_starturl_noexists,1,,,,"",,,,,
Crosswalk WRT/Package Management,Crosswalk_WebApp_Close_viaTerminal,Validate Crosswalk support that web app could be closed successfully,1,,,,"",,,,,
Crosswalk WRT/Package Management,Crosswalk_WebApp_Install,Validate if Crosswalk support web apps could be installed successfully,1,,,,"",,,,,
Crosswalk WRT/Package Management,Crosswalk_WebApp_Launch_viaTerminal,Validate Crosswalk support that web app could be launched successfully,1,,,,"",,,,,
Crosswalk WRT/Package Management,Crosswalk_WebApp_Uninstall_viaTerminal,Validate if Crosswalk support web apps could be uninstalled successfully,1,,,,"",,,,,
Crosswalk WRT/Package Management,Crosswalk_WebApp_Update_SameVersion,Validate if Crosswalk support web apps could be updated by the same version successfully,1,,,,"",,,,,
Crosswalk WRT/Packer Tool,test_absolutePath_hostApp,absolutePathtest.TestPackertoolsFunctions.test_absolutePath_hostApp,1,,,,"",,,,,
Crosswalk WRT/Packer Tool,test_absolutePath_manifest,absolutePathtest.TestPackertoolsFunctions.test_absolutePath_manifest,1,,,,"",,,,,
Crosswalk WRT/Packer Tool,test_absolutePath_package,absolutePathtest.TestPackertoolsFunctions.test_absolutePath_package,1,,,,"",,,,,
Crosswalk WRT/Packer Tool,test_anyLocationtest_manifest,anyLocationtest.TestPackertoolsFunctions.test_anyLocationtest_manifest,1,,,,"",,,,,
Crosswalk WRT/Packer Tool,test_anyLocationtest_package,anyLocationtest.TestPackertoolsFunctions.test_anyLocationtest_package,1,,,,"",,,,,
Crosswalk WRT/Packer Tool,test_anyLocation_hostApp,anyLocationtest.TestPackertoolsFunctions.test_anyLocation_hostApp,1,,,,"",,,,,
Crosswalk WRT/Packer Tool,test_appPath,appPathtest.TestPackertoolsFunctions.test_appPath,1,,,,"",,,,,
Crosswalk WRT/Packer Tool,test_compressor_minify,compressortest.TestPackertoolsFunctions.test_compressor_minify,1,,,,"",,,,,
Crosswalk WRT/Packer Tool,test_compressor_minifycss,compressortest.TestPackertoolsFunctions.test_compressor_minifycss,1,,,,"",,,,,
Crosswalk WRT/Packer Tool,test_compressor_minifyjs,compressortest.TestPackertoolsFunctions.test_compressor_minifyjs,1,,,,"",,,,,
Crosswalk WRT/Packer Tool,test_compressor_nominify,compressortest.TestPackertoolsFunctions.test_compressor_nominify,1,,,,"",,,,,
Crosswalk WRT/Packer Tool,test_description,descriptiontest.TestPackertoolsFunctions.test_description,1,,,,"",,,,,
Crosswalk WRT/Packer Tool,test_description_backslashSingleQuote,descriptiontest.TestPackertoolsFunctions.test_description_backslashSingleQuote,1,,,,"",,,,,
Crosswalk WRT/Packer Tool,test_description_chinese,descriptiontest.TestPackertoolsFunctions.test_description_chinese,1,,,,"",,,,,
Crosswalk WRT/Packer Tool,test_description_doubleQuote,descriptiontest.TestPackertoolsFunctions.test_description_doubleQuote,1,,,,"",,,,,
Crosswalk WRT/Packer Tool,test_description_longString,descriptiontest.TestPackertoolsFunctions.test_description_longString,1,,,,"",,,,,
Crosswalk WRT/Packer Tool,test_description_numOtherSymbol,descriptiontest.TestPackertoolsFunctions.test_description_numOtherSymbol,1,,,,"",,,,,
Crosswalk WRT/Packer Tool,test_description_numSpace,descriptiontest.TestPackertoolsFunctions.test_description_numSpace,1,,,,"",,,,,
Crosswalk WRT/Packer Tool,test_description_numSymbol,descriptiontest.TestPackertoolsFunctions.test_description_numSymbol,1,,,,"",,,,,
Crosswalk WRT/Packer Tool,test_description_singleQuote,descriptiontest.TestPackertoolsFunctions.test_description_singleQuote,1,,,,"",,,,,
Crosswalk WRT/Packer Tool,test_description_symbol,descriptiontest.TestPackertoolsFunctions.test_description_symbol,1,,,,"",,,,,
Crosswalk WRT/Packer Tool,test_index1,indextest.TestPackertoolsFunctions.test_index1,1,,,,"",,,,,
Crosswalk WRT/Packer Tool,test_index2,indextest.TestPackertoolsFunctions.test_index2,1,,,,"",,,,,
Crosswalk WRT/Packer Tool,test_index3,indextest.TestPackertoolsFunctions.test_index3,1,,,,"",,,,,
Crosswalk WRT/Packer Tool,test_manifest1,manifesttest.TestPackertoolsFunctions.test_manifest1,1,,,,"",,,,,
Crosswalk WRT/Packer Tool,test_manifest2,manifesttest.TestPackertoolsFunctions.test_manifest2,1,,,,"",,,,,
Crosswalk WRT/Packer Tool,test_manifest3,manifesttest.TestPackertoolsFunctions.test_manifest3,1,,,,"",,,,,
Crosswalk WRT/Packer Tool,test_manifest4,manifesttest.TestPackertoolsFunctions.test_manifest4,1,,,,"",,,,,
Crosswalk WRT/Packer Tool,test_manifest_no_versionCode,versionCodetest.TestPackertoolsFunctions.test_manifest_no_versionCode,,1,,,case bug XWALK-3492,,,,,
Crosswalk WRT/Packer Tool,test_manifest_versionCode,apksizetest.TestPackertoolsFunctions.test_manifest_versionCode,1,,,,"",,,,,
Crosswalk WRT/Packer Tool,test_manifest_versionCodeBase,versionCodetest.TestPackertoolsFunctions.test_manifest_versionCodeBase,1,,,,"",,,,,
Crosswalk WRT/Packer Tool,test_negative_cmd211,tests.TestCaseUnit.test_negative_cmd211,1,,,,"",,,,,
Crosswalk WRT/Packer Tool,test_negative_cmd212,tests.TestCaseUnit.test_negative_cmd212,1,,,,"",,,,,
Crosswalk WRT/Packer Tool,test_negative_cmd213,tests.TestCaseUnit.test_negative_cmd213,1,,,,"",,,,,
Crosswalk WRT/Packer Tool,test_negative_cmd214,tests.TestCaseUnit.test_negative_cmd214,1,,,,"",,,,,
Crosswalk WRT/Packer Tool,test_negative_cmd215,tests.TestCaseUnit.test_negative_cmd215,1,,,,"",,,,,
Crosswalk WRT/Packer Tool,test_negative_cmd216,tests.TestCaseUnit.test_negative_cmd216,1,,,,"",,,,,
Crosswalk WRT/Packer Tool,test_negative_cmd217,tests.TestCaseUnit.test_negative_cmd217,1,,,,"",,,,,
Crosswalk WRT/Packer Tool,test_negative_cmd218,tests.TestCaseUnit.test_negative_cmd218,1,,,,"",,,,,
Crosswalk WRT/Packer Tool,test_negative_cmd219,tests.TestCaseUnit.test_negative_cmd219,1,,,,"",,,,,
Crosswalk WRT/Packer Tool,test_negative_cmd220,tests.TestCaseUnit.test_negative_cmd220,1,,,,"",,,,,
Crosswalk WRT/Packer Tool,test_negative_cmd221,tests.TestCaseUnit.test_negative_cmd221,1,,,,"",,,,,
Crosswalk WRT/Packer Tool,test_negative_cmd222,tests.TestCaseUnit.test_negative_cmd222,1,,,,"",,,,,
Crosswalk WRT/Packer Tool,test_negative_cmd223,tests.TestCaseUnit.test_negative_cmd223,1,,,,"",,,,,
Crosswalk WRT/Packer Tool,test_negative_cmd224,tests.TestCaseUnit.test_negative_cmd224,1,,,,"",,,,,
Crosswalk WRT/Packer Tool,test_negative_cmd225,tests.TestCaseUnit.test_negative_cmd225,1,,,,"",,,,,
Crosswalk WRT/Packer Tool,test_negative_cmd226,tests.TestCaseUnit.test_negative_cmd226,1,,,,"",,,,,
Crosswalk WRT/Packer Tool,test_negative_cmd227,tests.TestCaseUnit.test_negative_cmd227,1,,,,"",,,,,
Crosswalk WRT/Packer Tool,test_negative_cmd228,tests.TestCaseUnit.test_negative_cmd228,1,,,,"",,,,,
Crosswalk WRT/Packer Tool,test_negative_cmd229,tests.TestCaseUnit.test_negative_cmd229,1,,,,"",,,,,
Crosswalk WRT/Packer Tool,test_negative_cmd230,tests.TestCaseUnit.test_negative_cmd230,1,,,,"",,,,,
Crosswalk WRT/Packer Tool,test_negative_cmd231,tests.TestCaseUnit.test_negative_cmd231,1,,,,"",,,,,
Crosswalk WRT/Packer Tool,test_negative_cmd232,tests.TestCaseUnit.test_negative_cmd232,1,,,,"",,,,,
Crosswalk WRT/Packer Tool,test_negative_cmd233,tests.TestCaseUnit.test_negative_cmd233,1,,,,"",,,,,
Crosswalk WRT/Packer Tool,test_negative_cmd234,tests.TestCaseUnit.test_negative_cmd234,1,,,,"",,,,,
Crosswalk WRT/Packer Tool,test_negative_cmd235,tests.TestCaseUnit.test_negative_cmd235,1,,,,"",,,,,
Crosswalk WRT/Packer Tool,test_negative_cmd236,tests.TestCaseUnit.test_negative_cmd236,1,,,,"",,,,,
Crosswalk WRT/Packer Tool,test_negative_cmd237,tests.TestCaseUnit.test_negative_cmd237,1,,,,"",,,,,
Crosswalk WRT/Packer Tool,test_negative_cmd238,tests.TestCaseUnit.test_negative_cmd238,1,,,,"",,,,,
Crosswalk WRT/Packer Tool,test_negative_cmd239,tests.TestCaseUnit.test_negative_cmd239,1,,,,"",,,,,
Crosswalk WRT/Packer Tool,test_negative_cmd240,tests.TestCaseUnit.test_negative_cmd240,1,,,,"",,,,,
Crosswalk WRT/Packer Tool,test_negative_cmd241,tests.TestCaseUnit.test_negative_cmd241,1,,,,"",,,,,
Crosswalk WRT/Packer Tool,test_negative_cmd242,tests.TestCaseUnit.test_negative_cmd242,1,,,,"",,,,,
Crosswalk WRT/Packer Tool,test_negative_cmd243,tests.TestCaseUnit.test_negative_cmd243,1,,,,"",,,,,
Crosswalk WRT/Packer Tool,test_negative_cmd244,tests.TestCaseUnit.test_negative_cmd244,1,,,,"",,,,,
Crosswalk WRT/Packer Tool,test_negative_cmd245,tests.TestCaseUnit.test_negative_cmd245,1,,,,"",,,,,
Crosswalk WRT/Packer Tool,test_negative_cmd246,tests.TestCaseUnit.test_negative_cmd246,1,,,,"",,,,,
Crosswalk WRT/Packer Tool,test_negative_cmd247,tests.TestCaseUnit.test_negative_cmd247,1,,,,"",,,,,
Crosswalk WRT/Packer Tool,test_negative_cmd248,tests.TestCaseUnit.test_negative_cmd248,1,,,,"",,,,,
Crosswalk WRT/Packer Tool,test_negative_cmd249,tests.TestCaseUnit.test_negative_cmd249,1,,,,"",,,,,
Crosswalk WRT/Packer Tool,test_negative_cmd250,tests.TestCaseUnit.test_negative_cmd250,1,,,,"",,,,,
Crosswalk WRT/Packer Tool,test_negative_cmd251,tests.TestCaseUnit.test_negative_cmd251,1,,,,"",,,,,
Crosswalk WRT/Packer Tool,test_negative_cmd252,tests.TestCaseUnit.test_negative_cmd252,1,,,,"",,,,,
Crosswalk WRT/Packer Tool,test_negative_cmd253,tests.TestCaseUnit.test_negative_cmd253,1,,,,"",,,,,
Crosswalk WRT/Packer Tool,test_negative_cmd254,tests.TestCaseUnit.test_negative_cmd254,1,,,,"",,,,,
Crosswalk WRT/Packer Tool,test_negative_cmd255,tests.TestCaseUnit.test_negative_cmd255,1,,,,"",,,,,
Crosswalk WRT/Packer Tool,test_negative_cmd256,tests.TestCaseUnit.test_negative_cmd256,1,,,,"",,,,,
Crosswalk WRT/Packer Tool,test_negative_cmd257,tests.TestCaseUnit.test_negative_cmd257,1,,,,"",,,,,
Crosswalk WRT/Packer Tool,test_negative_cmd258,tests.TestCaseUnit.test_negative_cmd258,1,,,,"",,,,,
Crosswalk WRT/Packer Tool,test_negative_cmd259,tests.TestCaseUnit.test_negative_cmd259,1,,,,"",,,,,
Crosswalk WRT/Packer Tool,test_negative_cmd260,tests.TestCaseUnit.test_negative_cmd260,1,,,,"",,,,,
Crosswalk WRT/Packer Tool,test_negative_cmd261,tests.TestCaseUnit.test_negative_cmd261,1,,,,"",,,,,
Crosswalk WRT/Packer Tool,test_negative_cmd262,tests.TestCaseUnit.test_negative_cmd262,1,,,,"",,,,,
Crosswalk WRT/Packer Tool,test_packertool_arm_x86,othertest.TestPackertoolsFunctions.test_packertool_arm_x86,1,,,,"",,,,,
Crosswalk WRT/Packer Tool,test_packertool_help,othertest.TestPackertoolsFunctions.test_packertool_help,1,,,,"",,,,,
Crosswalk WRT/Packer Tool,test_packertool_undefinedOption,othertest.TestPackertoolsFunctions.test_packertool_undefinedOption,1,,,,"",,,,,
Crosswalk WRT/Packer Tool,test_packertool_verbose,othertest.TestPackertoolsFunctions.test_packertool_verbose,1,,,,"",,,,,
Crosswalk WRT/Packer Tool,test_packertool_version,othertest.TestPackertoolsFunctions.test_packertool_version,1,,,,"",,,,,
Crosswalk WRT/Packer Tool,test_permission_duplicate,permissiontest.TestPackertoolsFunctions.test_permission_duplicate,1,,,,"",,,,,
Crosswalk WRT/Packer Tool,test_permission_duplicate2,permissiontest.TestPackertoolsFunctions.test_permission_duplicate2,1,,,,"",,,,,
Crosswalk WRT/Packer Tool,test_permission_lowercase,permissiontest.TestPackertoolsFunctions.test_permission_lowercase,1,,,,"",,,,,
Crosswalk WRT/Packer Tool,test_permission_more2,permissiontest.TestPackertoolsFunctions.test_permission_more2,1,,,,"",,,,,
Crosswalk WRT/Packer Tool,test_permission_uppercase,permissiontest.TestPackertoolsFunctions.test_permission_uppercase,1,,,,"",,,,,
Crosswalk WRT/Packer Tool,test_permission_value3,permissiontest.TestPackertoolsFunctions.test_permission_value3,1,,,,"",,,,,
Crosswalk WRT/Packer Tool,test_permission_value4,permissiontest.TestPackertoolsFunctions.test_permission_value4,1,,,,"",,,,,
Crosswalk WRT/Packer Tool,test_positive_cmd1,tests.TestCaseUnit.test_positive_cmd1,1,,,,"",,,,,
Crosswalk WRT/Packer Tool,test_positive_cmd10,tests.TestCaseUnit.test_positive_cmd10,1,,,,"",,,,,
Crosswalk WRT/Packer Tool,test_positive_cmd100,tests.TestCaseUnit.test_positive_cmd100,1,,,,"",,,,,
Crosswalk WRT/Packer Tool,test_positive_cmd101,tests.TestCaseUnit.test_positive_cmd101,1,,,,"",,,,,
Crosswalk WRT/Packer Tool,test_positive_cmd102,tests.TestCaseUnit.test_positive_cmd102,1,,,,"",,,,,
Crosswalk WRT/Packer Tool,test_positive_cmd103,tests.TestCaseUnit.test_positive_cmd103,1,,,,"",,,,,
Crosswalk WRT/Packer Tool,test_positive_cmd104,tests.TestCaseUnit.test_positive_cmd104,1,,,,"",,,,,
Crosswalk WRT/Packer Tool,test_positive_cmd105,tests.TestCaseUnit.test_positive_cmd105,1,,,,"",,,,,
Crosswalk WRT/Packer Tool,test_positive_cmd106,tests.TestCaseUnit.test_positive_cmd106,1,,,,"",,,,,
Crosswalk WRT/Packer Tool,test_positive_cmd107,tests.TestCaseUnit.test_positive_cmd107,1,,,,"",,,,,
Crosswalk WRT/Packer Tool,test_positive_cmd108,tests.TestCaseUnit.test_positive_cmd108,1,,,,"",,,,,
Crosswalk WRT/Packer Tool,test_positive_cmd109,tests.TestCaseUnit.test_positive_cmd109,1,,,,"",,,,,
Crosswalk WRT/Packer Tool,test_positive_cmd11,tests.TestCaseUnit.test_positive_cmd11,1,,,,"",,,,,
Crosswalk WRT/Packer Tool,test_positive_cmd110,tests.TestCaseUnit.test_positive_cmd110,1,,,,"",,,,,
Crosswalk WRT/Packer Tool,test_positive_cmd111,tests.TestCaseUnit.test_positive_cmd111,1,,,,"",,,,,
Crosswalk WRT/Packer Tool,test_positive_cmd112,tests.TestCaseUnit.test_positive_cmd112,1,,,,"",,,,,
Crosswalk WRT/Packer Tool,test_positive_cmd113,tests.TestCaseUnit.test_positive_cmd113,1,,,,"",,,,,
Crosswalk WRT/Packer Tool,test_positive_cmd114,tests.TestCaseUnit.test_positive_cmd114,1,,,,"",,,,,
Crosswalk WRT/Packer Tool,test_positive_cmd115,tests.TestCaseUnit.test_positive_cmd115,1,,,,"",,,,,
Crosswalk WRT/Packer Tool,test_positive_cmd116,tests.TestCaseUnit.test_positive_cmd116,1,,,,"",,,,,
Crosswalk WRT/Packer Tool,test_positive_cmd117,tests.TestCaseUnit.test_positive_cmd117,1,,,,"",,,,,
Crosswalk WRT/Packer Tool,test_positive_cmd118,tests.TestCaseUnit.test_positive_cmd118,1,,,,"",,,,,
Crosswalk WRT/Packer Tool,test_positive_cmd119,tests.TestCaseUnit.test_positive_cmd119,1,,,,"",,,,,
Crosswalk WRT/Packer Tool,test_positive_cmd12,tests.TestCaseUnit.test_positive_cmd12,1,,,,"",,,,,
Crosswalk WRT/Packer Tool,test_positive_cmd120,tests.TestCaseUnit.test_positive_cmd120,1,,,,"",,,,,
Crosswalk WRT/Packer Tool,test_positive_cmd121,tests.TestCaseUnit.test_positive_cmd121,1,,,,"",,,,,
Crosswalk WRT/Packer Tool,test_positive_cmd122,tests.TestCaseUnit.test_positive_cmd122,1,,,,"",,,,,
Crosswalk WRT/Packer Tool,test_positive_cmd123,tests.TestCaseUnit.test_positive_cmd123,1,,,,"",,,,,
Crosswalk WRT/Packer Tool,test_positive_cmd124,tests.TestCaseUnit.test_positive_cmd124,1,,,,"",,,,,
Crosswalk WRT/Packer Tool,test_positive_cmd125,tests.TestCaseUnit.test_positive_cmd125,1,,,,"",,,,,
Crosswalk WRT/Packer Tool,test_positive_cmd126,tests.TestCaseUnit.test_positive_cmd126,1,,,,"",,,,,
Crosswalk WRT/Packer Tool,test_positive_cmd127,tests.TestCaseUnit.test_positive_cmd127,1,,,,"",,,,,
Crosswalk WRT/Packer Tool,test_positive_cmd128,tests.TestCaseUnit.test_positive_cmd128,1,,,,"",,,,,
Crosswalk WRT/Packer Tool,test_positive_cmd129,tests.TestCaseUnit.test_positive_cmd129,1,,,,"",,,,,
Crosswalk WRT/Packer Tool,test_positive_cmd13,tests.TestCaseUnit.test_positive_cmd13,1,,,,"",,,,,
Crosswalk WRT/Packer Tool,test_positive_cmd130,tests.TestCaseUnit.test_positive_cmd130,1,,,,"",,,,,
Crosswalk WRT/Packer Tool,test_positive_cmd131,tests.TestCaseUnit.test_positive_cmd131,1,,,,"",,,,,
Crosswalk WRT/Packer Tool,test_positive_cmd132,tests.TestCaseUnit.test_positive_cmd132,1,,,,"",,,,,
Crosswalk WRT/Packer Tool,test_positive_cmd133,tests.TestCaseUnit.test_positive_cmd133,1,,,,"",,,,,
Crosswalk WRT/Packer Tool,test_positive_cmd134,tests.TestCaseUnit.test_positive_cmd134,1,,,,"",,,,,
Crosswalk WRT/Packer Tool,test_positive_cmd135,tests.TestCaseUnit.test_positive_cmd135,1,,,,"",,,,,
Crosswalk WRT/Packer Tool,test_positive_cmd136,tests.TestCaseUnit.test_positive_cmd136,1,,,,"",,,,,
Crosswalk WRT/Packer Tool,test_positive_cmd137,tests.TestCaseUnit.test_positive_cmd137,1,,,,"",,,,,
Crosswalk WRT/Packer Tool,test_positive_cmd138,tests.TestCaseUnit.test_positive_cmd138,1,,,,"",,,,,
Crosswalk WRT/Packer Tool,test_positive_cmd139,tests.TestCaseUnit.test_positive_cmd139,1,,,,"",,,,,
Crosswalk WRT/Packer Tool,test_positive_cmd14,tests.TestCaseUnit.test_positive_cmd14,1,,,,"",,,,,
Crosswalk WRT/Packer Tool,test_positive_cmd140,tests.TestCaseUnit.test_positive_cmd140,1,,,,"",,,,,
Crosswalk WRT/Packer Tool,test_positive_cmd141,tests.TestCaseUnit.test_positive_cmd141,1,,,,"",,,,,
Crosswalk WRT/Packer Tool,test_positive_cmd142,tests.TestCaseUnit.test_positive_cmd142,1,,,,"",,,,,
Crosswalk WRT/Packer Tool,test_positive_cmd143,tests.TestCaseUnit.test_positive_cmd143,1,,,,"",,,,,
Crosswalk WRT/Packer Tool,test_positive_cmd144,tests.TestCaseUnit.test_positive_cmd144,1,,,,"",,,,,
Crosswalk WRT/Packer Tool,test_positive_cmd145,tests.TestCaseUnit.test_positive_cmd145,1,,,,"",,,,,
Crosswalk WRT/Packer Tool,test_positive_cmd146,tests.TestCaseUnit.test_positive_cmd146,1,,,,"",,,,,
Crosswalk WRT/Packer Tool,test_positive_cmd147,tests.TestCaseUnit.test_positive_cmd147,1,,,,"",,,,,
Crosswalk WRT/Packer Tool,test_positive_cmd148,tests.TestCaseUnit.test_positive_cmd148,1,,,,"",,,,,
Crosswalk WRT/Packer Tool,test_positive_cmd149,tests.TestCaseUnit.test_positive_cmd149,1,,,,"",,,,,
Crosswalk WRT/Packer Tool,test_positive_cmd15,tests.TestCaseUnit.test_positive_cmd15,1,,,,"",,,,,
Crosswalk WRT/Packer Tool,test_positive_cmd150,tests.TestCaseUnit.test_positive_cmd150,1,,,,"",,,,,
Crosswalk WRT/Packer Tool,test_positive_cmd151,tests.TestCaseUnit.test_positive_cmd151,1,,,,"",,,,,
Crosswalk WRT/Packer Tool,test_positive_cmd152,tests.TestCaseUnit.test_positive_cmd152,1,,,,"",,,,,
Crosswalk WRT/Packer Tool,test_positive_cmd153,tests.TestCaseUnit.test_positive_cmd153,1,,,,"",,,,,
Crosswalk WRT/Packer Tool,test_positive_cmd154,tests.TestCaseUnit.test_positive_cmd154,1,,,,"",,,,,
Crosswalk WRT/Packer Tool,test_positive_cmd155,tests.TestCaseUnit.test_positive_cmd155,1,,,,"",,,,,
Crosswalk WRT/Packer Tool,test_positive_cmd156,tests.TestCaseUnit.test_positive_cmd156,1,,,,"",,,,,
Crosswalk WRT/Packer Tool,test_positive_cmd157,tests.TestCaseUnit.test_positive_cmd157,1,,,,"",,,,,
Crosswalk WRT/Packer Tool,test_positive_cmd158,tests.TestCaseUnit.test_positive_cmd158,1,,,,"",,,,,
Crosswalk WRT/Packer Tool,test_positive_cmd159,tests.TestCaseUnit.test_positive_cmd159,1,,,,"",,,,,
Crosswalk WRT/Packer Tool,test_positive_cmd16,tests.TestCaseUnit.test_positive_cmd16,1,,,,"",,,,,
Crosswalk WRT/Packer Tool,test_positive_cmd160,tests.TestCaseUnit.test_positive_cmd160,1,,,,"",,,,,
Crosswalk WRT/Packer Tool,test_positive_cmd161,tests.TestCaseUnit.test_positive_cmd161,1,,,,"",,,,,
Crosswalk WRT/Packer Tool,test_positive_cmd162,tests.TestCaseUnit.test_positive_cmd162,1,,,,"",,,,,
Crosswalk WRT/Packer Tool,test_positive_cmd163,tests.TestCaseUnit.test_positive_cmd163,1,,,,"",,,,,
Crosswalk WRT/Packer Tool,test_positive_cmd164,tests.TestCaseUnit.test_positive_cmd164,1,,,,"",,,,,
Crosswalk WRT/Packer Tool,test_positive_cmd165,tests.TestCaseUnit.test_positive_cmd165,1,,,,"",,,,,
Crosswalk WRT/Packer Tool,test_positive_cmd166,tests.TestCaseUnit.test_positive_cmd166,1,,,,"",,,,,
Crosswalk WRT/Packer Tool,test_positive_cmd167,tests.TestCaseUnit.test_positive_cmd167,1,,,,"",,,,,
Crosswalk WRT/Packer Tool,test_positive_cmd168,tests.TestCaseUnit.test_positive_cmd168,1,,,,"",,,,,
Crosswalk WRT/Packer Tool,test_positive_cmd169,tests.TestCaseUnit.test_positive_cmd169,1,,,,"",,,,,
Crosswalk WRT/Packer Tool,test_positive_cmd17,tests.TestCaseUnit.test_positive_cmd17,1,,,,"",,,,,
Crosswalk WRT/Packer Tool,test_positive_cmd170,tests.TestCaseUnit.test_positive_cmd170,1,,,,"",,,,,
Crosswalk WRT/Packer Tool,test_positive_cmd171,tests.TestCaseUnit.test_positive_cmd171,1,,,,"",,,,,
Crosswalk WRT/Packer Tool,test_positive_cmd172,tests.TestCaseUnit.test_positive_cmd172,1,,,,"",,,,,
Crosswalk WRT/Packer Tool,test_positive_cmd173,tests.TestCaseUnit.test_positive_cmd173,1,,,,"",,,,,
Crosswalk WRT/Packer Tool,test_positive_cmd174,tests.TestCaseUnit.test_positive_cmd174,1,,,,"",,,,,
Crosswalk WRT/Packer Tool,test_positive_cmd175,tests.TestCaseUnit.test_positive_cmd175,1,,,,"",,,,,
Crosswalk WRT/Packer Tool,test_positive_cmd176,tests.TestCaseUnit.test_positive_cmd176,1,,,,"",,,,,
Crosswalk WRT/Packer Tool,test_positive_cmd177,tests.TestCaseUnit.test_positive_cmd177,1,,,,"",,,,,
Crosswalk WRT/Packer Tool,test_positive_cmd178,tests.TestCaseUnit.test_positive_cmd178,1,,,,"",,,,,
Crosswalk WRT/Packer Tool,test_positive_cmd179,tests.TestCaseUnit.test_positive_cmd179,1,,,,"",,,,,
Crosswalk WRT/Packer Tool,test_positive_cmd18,tests.TestCaseUnit.test_positive_cmd18,1,,,,"",,,,,
Crosswalk WRT/Packer Tool,test_positive_cmd180,tests.TestCaseUnit.test_positive_cmd180,1,,,,"",,,,,
Crosswalk WRT/Packer Tool,test_positive_cmd181,tests.TestCaseUnit.test_positive_cmd181,1,,,,"",,,,,
Crosswalk WRT/Packer Tool,test_positive_cmd182,tests.TestCaseUnit.test_positive_cmd182,1,,,,"",,,,,
Crosswalk WRT/Packer Tool,test_positive_cmd183,tests.TestCaseUnit.test_positive_cmd183,1,,,,"",,,,,
Crosswalk WRT/Packer Tool,test_positive_cmd184,tests.TestCaseUnit.test_positive_cmd184,1,,,,"",,,,,
Crosswalk WRT/Packer Tool,test_positive_cmd185,tests.TestCaseUnit.test_positive_cmd185,1,,,,"",,,,,
Crosswalk WRT/Packer Tool,test_positive_cmd186,tests.TestCaseUnit.test_positive_cmd186,1,,,,"",,,,,
Crosswalk WRT/Packer Tool,test_positive_cmd187,tests.TestCaseUnit.test_positive_cmd187,1,,,,"",,,,,
Crosswalk WRT/Packer Tool,test_positive_cmd188,tests.TestCaseUnit.test_positive_cmd188,1,,,,"",,,,,
Crosswalk WRT/Packer Tool,test_positive_cmd189,tests.TestCaseUnit.test_positive_cmd189,1,,,,"",,,,,
Crosswalk WRT/Packer Tool,test_positive_cmd19,tests.TestCaseUnit.test_positive_cmd19,1,,,,"",,,,,
Crosswalk WRT/Packer Tool,test_positive_cmd190,tests.TestCaseUnit.test_positive_cmd190,1,,,,"",,,,,
Crosswalk WRT/Packer Tool,test_positive_cmd191,tests.TestCaseUnit.test_positive_cmd191,1,,,,"",,,,,
Crosswalk WRT/Packer Tool,test_positive_cmd192,tests.TestCaseUnit.test_positive_cmd192,1,,,,"",,,,,
Crosswalk WRT/Packer Tool,test_positive_cmd193,tests.TestCaseUnit.test_positive_cmd193,1,,,,"",,,,,
Crosswalk WRT/Packer Tool,test_positive_cmd194,tests.TestCaseUnit.test_positive_cmd194,1,,,,"",,,,,
Crosswalk WRT/Packer Tool,test_positive_cmd195,tests.TestCaseUnit.test_positive_cmd195,1,,,,"",,,,,
Crosswalk WRT/Packer Tool,test_positive_cmd196,tests.TestCaseUnit.test_positive_cmd196,1,,,,"",,,,,
Crosswalk WRT/Packer Tool,test_positive_cmd197,tests.TestCaseUnit.test_positive_cmd197,1,,,,"",,,,,
Crosswalk WRT/Packer Tool,test_positive_cmd198,tests.TestCaseUnit.test_positive_cmd198,1,,,,"",,,,,
Crosswalk WRT/Packer Tool,test_positive_cmd199,tests.TestCaseUnit.test_positive_cmd199,1,,,,"",,,,,
Crosswalk WRT/Packer Tool,test_positive_cmd2,tests.TestCaseUnit.test_positive_cmd2,1,,,,"",,,,,
Crosswalk WRT/Packer Tool,test_positive_cmd20,tests.TestCaseUnit.test_positive_cmd20,1,,,,"",,,,,
Crosswalk WRT/Packer Tool,test_positive_cmd200,tests.TestCaseUnit.test_positive_cmd200,1,,,,"",,,,,
Crosswalk WRT/Packer Tool,test_positive_cmd201,tests.TestCaseUnit.test_positive_cmd201,1,,,,"",,,,,
Crosswalk WRT/Packer Tool,test_positive_cmd202,tests.TestCaseUnit.test_positive_cmd202,1,,,,"",,,,,
Crosswalk WRT/Packer Tool,test_positive_cmd203,tests.TestCaseUnit.test_positive_cmd203,1,,,,"",,,,,
Crosswalk WRT/Packer Tool,test_positive_cmd204,tests.TestCaseUnit.test_positive_cmd204,1,,,,"",,,,,
Crosswalk WRT/Packer Tool,test_positive_cmd205,tests.TestCaseUnit.test_positive_cmd205,1,,,,"",,,,,
Crosswalk WRT/Packer Tool,test_positive_cmd206,tests.TestCaseUnit.test_positive_cmd206,1,,,,"",,,,,
Crosswalk WRT/Packer Tool,test_positive_cmd207,tests.TestCaseUnit.test_positive_cmd207,1,,,,"",,,,,
Crosswalk WRT/Packer Tool,test_positive_cmd208,tests.TestCaseUnit.test_positive_cmd208,1,,,,"",,,,,
Crosswalk WRT/Packer Tool,test_positive_cmd209,tests.TestCaseUnit.test_positive_cmd209,1,,,,"",,,,,
Crosswalk WRT/Packer Tool,test_positive_cmd21,tests.TestCaseUnit.test_positive_cmd21,1,,,,"",,,,,
Crosswalk WRT/Packer Tool,test_positive_cmd210,tests.TestCaseUnit.test_positive_cmd210,1,,,,"",,,,,
Crosswalk WRT/Packer Tool,test_positive_cmd22,tests.TestCaseUnit.test_positive_cmd22,1,,,,"",,,,,
Crosswalk WRT/Packer Tool,test_positive_cmd23,tests.TestCaseUnit.test_positive_cmd23,1,,,,"",,,,,
Crosswalk WRT/Packer Tool,test_positive_cmd24,tests.TestCaseUnit.test_positive_cmd24,1,,,,"",,,,,
Crosswalk WRT/Packer Tool,test_positive_cmd25,tests.TestCaseUnit.test_positive_cmd25,1,,,,"",,,,,
Crosswalk WRT/Packer Tool,test_positive_cmd26,tests.TestCaseUnit.test_positive_cmd26,1,,,,"",,,,,
Crosswalk WRT/Packer Tool,test_positive_cmd27,tests.TestCaseUnit.test_positive_cmd27,1,,,,"",,,,,
Crosswalk WRT/Packer Tool,test_positive_cmd28,tests.TestCaseUnit.test_positive_cmd28,1,,,,"",,,,,
Crosswalk WRT/Packer Tool,test_positive_cmd29,tests.TestCaseUnit.test_positive_cmd29,1,,,,"",,,,,
Crosswalk WRT/Packer Tool,test_positive_cmd3,tests.TestCaseUnit.test_positive_cmd3,1,,,,"",,,,,
Crosswalk WRT/Packer Tool,test_positive_cmd30,tests.TestCaseUnit.test_positive_cmd30,1,,,,"",,,,,
Crosswalk WRT/Packer Tool,test_positive_cmd31,tests.TestCaseUnit.test_positive_cmd31,1,,,,"",,,,,
Crosswalk WRT/Packer Tool,test_positive_cmd32,tests.TestCaseUnit.test_positive_cmd32,1,,,,"",,,,,
Crosswalk WRT/Packer Tool,test_positive_cmd33,tests.TestCaseUnit.test_positive_cmd33,1,,,,"",,,,,
Crosswalk WRT/Packer Tool,test_positive_cmd34,tests.TestCaseUnit.test_positive_cmd34,1,,,,"",,,,,
Crosswalk WRT/Packer Tool,test_positive_cmd35,tests.TestCaseUnit.test_positive_cmd35,1,,,,"",,,,,
Crosswalk WRT/Packer Tool,test_positive_cmd36,tests.TestCaseUnit.test_positive_cmd36,1,,,,"",,,,,
Crosswalk WRT/Packer Tool,test_positive_cmd37,tests.TestCaseUnit.test_positive_cmd37,1,,,,"",,,,,
Crosswalk WRT/Packer Tool,test_positive_cmd38,tests.TestCaseUnit.test_positive_cmd38,1,,,,"",,,,,
Crosswalk WRT/Packer Tool,test_positive_cmd39,tests.TestCaseUnit.test_positive_cmd39,1,,,,"",,,,,
Crosswalk WRT/Packer Tool,test_positive_cmd4,tests.TestCaseUnit.test_positive_cmd4,1,,,,"",,,,,
Crosswalk WRT/Packer Tool,test_positive_cmd40,tests.TestCaseUnit.test_positive_cmd40,1,,,,"",,,,,
Crosswalk WRT/Packer Tool,test_positive_cmd41,tests.TestCaseUnit.test_positive_cmd41,1,,,,"",,,,,
Crosswalk WRT/Packer Tool,test_positive_cmd42,tests.TestCaseUnit.test_positive_cmd42,1,,,,"",,,,,
Crosswalk WRT/Packer Tool,test_positive_cmd43,tests.TestCaseUnit.test_positive_cmd43,1,,,,"",,,,,
Crosswalk WRT/Packer Tool,test_positive_cmd44,tests.TestCaseUnit.test_positive_cmd44,1,,,,"",,,,,
Crosswalk WRT/Packer Tool,test_positive_cmd45,tests.TestCaseUnit.test_positive_cmd45,1,,,,"",,,,,
Crosswalk WRT/Packer Tool,test_positive_cmd46,tests.TestCaseUnit.test_positive_cmd46,1,,,,"",,,,,
Crosswalk WRT/Packer Tool,test_positive_cmd47,tests.TestCaseUnit.test_positive_cmd47,1,,,,"",,,,,
Crosswalk WRT/Packer Tool,test_positive_cmd48,tests.TestCaseUnit.test_positive_cmd48,1,,,,"",,,,,
Crosswalk WRT/Packer Tool,test_positive_cmd49,tests.TestCaseUnit.test_positive_cmd49,1,,,,"",,,,,
Crosswalk WRT/Packer Tool,test_positive_cmd5,tests.TestCaseUnit.test_positive_cmd5,1,,,,"",,,,,
Crosswalk WRT/Packer Tool,test_positive_cmd50,tests.TestCaseUnit.test_positive_cmd50,1,,,,"",,,,,
Crosswalk WRT/Packer Tool,test_positive_cmd51,tests.TestCaseUnit.test_positive_cmd51,1,,,,"",,,,,
Crosswalk WRT/Packer Tool,test_positive_cmd52,tests.TestCaseUnit.test_positive_cmd52,1,,,,"",,,,,
Crosswalk WRT/Packer Tool,test_positive_cmd53,tests.TestCaseUnit.test_positive_cmd53,1,,,,"",,,,,
Crosswalk WRT/Packer Tool,test_positive_cmd54,tests.TestCaseUnit.test_positive_cmd54,1,,,,"",,,,,
Crosswalk WRT/Packer Tool,test_positive_cmd55,tests.TestCaseUnit.test_positive_cmd55,1,,,,"",,,,,
Crosswalk WRT/Packer Tool,test_positive_cmd56,tests.TestCaseUnit.test_positive_cmd56,1,,,,"",,,,,
Crosswalk WRT/Packer Tool,test_positive_cmd57,tests.TestCaseUnit.test_positive_cmd57,1,,,,"",,,,,
Crosswalk WRT/Packer Tool,test_positive_cmd58,tests.TestCaseUnit.test_positive_cmd58,1,,,,"",,,,,
Crosswalk WRT/Packer Tool,test_positive_cmd59,tests.TestCaseUnit.test_positive_cmd59,1,,,,"",,,,,
Crosswalk WRT/Packer Tool,test_positive_cmd6,tests.TestCaseUnit.test_positive_cmd6,1,,,,"",,,,,
Crosswalk WRT/Packer Tool,test_positive_cmd60,tests.TestCaseUnit.test_positive_cmd60,1,,,,"",,,,,
Crosswalk WRT/Packer Tool,test_positive_cmd61,tests.TestCaseUnit.test_positive_cmd61,1,,,,"",,,,,
Crosswalk WRT/Packer Tool,test_positive_cmd62,tests.TestCaseUnit.test_positive_cmd62,1,,,,"",,,,,
Crosswalk WRT/Packer Tool,test_positive_cmd63,tests.TestCaseUnit.test_positive_cmd63,1,,,,"",,,,,
Crosswalk WRT/Packer Tool,test_positive_cmd64,tests.TestCaseUnit.test_positive_cmd64,1,,,,"",,,,,
Crosswalk WRT/Packer Tool,test_positive_cmd65,tests.TestCaseUnit.test_positive_cmd65,1,,,,"",,,,,
Crosswalk WRT/Packer Tool,test_positive_cmd66,tests.TestCaseUnit.test_positive_cmd66,1,,,,"",,,,,
Crosswalk WRT/Packer Tool,test_positive_cmd67,tests.TestCaseUnit.test_positive_cmd67,1,,,,"",,,,,
Crosswalk WRT/Packer Tool,test_positive_cmd68,tests.TestCaseUnit.test_positive_cmd68,1,,,,"",,,,,
Crosswalk WRT/Packer Tool,test_positive_cmd69,tests.TestCaseUnit.test_positive_cmd69,1,,,,"",,,,,
Crosswalk WRT/Packer Tool,test_positive_cmd7,tests.TestCaseUnit.test_positive_cmd7,1,,,,"",,,,,
Crosswalk WRT/Packer Tool,test_positive_cmd70,tests.TestCaseUnit.test_positive_cmd70,1,,,,"",,,,,
Crosswalk WRT/Packer Tool,test_positive_cmd71,tests.TestCaseUnit.test_positive_cmd71,1,,,,"",,,,,
Crosswalk WRT/Packer Tool,test_positive_cmd72,tests.TestCaseUnit.test_positive_cmd72,1,,,,"",,,,,
Crosswalk WRT/Packer Tool,test_positive_cmd73,tests.TestCaseUnit.test_positive_cmd73,1,,,,"",,,,,
Crosswalk WRT/Packer Tool,test_positive_cmd74,tests.TestCaseUnit.test_positive_cmd74,1,,,,"",,,,,
Crosswalk WRT/Packer Tool,test_positive_cmd75,tests.TestCaseUnit.test_positive_cmd75,1,,,,"",,,,,
Crosswalk WRT/Packer Tool,test_positive_cmd76,tests.TestCaseUnit.test_positive_cmd76,1,,,,"",,,,,
Crosswalk WRT/Packer Tool,test_positive_cmd77,tests.TestCaseUnit.test_positive_cmd77,1,,,,"",,,,,
Crosswalk WRT/Packer Tool,test_positive_cmd78,tests.TestCaseUnit.test_positive_cmd78,1,,,,"",,,,,
Crosswalk WRT/Packer Tool,test_positive_cmd79,tests.TestCaseUnit.test_positive_cmd79,1,,,,"",,,,,
Crosswalk WRT/Packer Tool,test_positive_cmd8,tests.TestCaseUnit.test_positive_cmd8,1,,,,"",,,,,
Crosswalk WRT/Packer Tool,test_positive_cmd80,tests.TestCaseUnit.test_positive_cmd80,1,,,,"",,,,,
Crosswalk WRT/Packer Tool,test_positive_cmd81,tests.TestCaseUnit.test_positive_cmd81,1,,,,"",,,,,
Crosswalk WRT/Packer Tool,test_positive_cmd82,tests.TestCaseUnit.test_positive_cmd82,1,,,,"",,,,,
Crosswalk WRT/Packer Tool,test_positive_cmd83,tests.TestCaseUnit.test_positive_cmd83,1,,,,"",,,,,
Crosswalk WRT/Packer Tool,test_positive_cmd84,tests.TestCaseUnit.test_positive_cmd84,1,,,,"",,,,,
Crosswalk WRT/Packer Tool,test_positive_cmd85,tests.TestCaseUnit.test_positive_cmd85,1,,,,"",,,,,
Crosswalk WRT/Packer Tool,test_positive_cmd86,tests.TestCaseUnit.test_positive_cmd86,1,,,,"",,,,,
Crosswalk WRT/Packer Tool,test_positive_cmd87,tests.TestCaseUnit.test_positive_cmd87,1,,,,"",,,,,
Crosswalk WRT/Packer Tool,test_positive_cmd88,tests.TestCaseUnit.test_positive_cmd88,1,,,,"",,,,,
Crosswalk WRT/Packer Tool,test_positive_cmd89,tests.TestCaseUnit.test_positive_cmd89,1,,,,"",,,,,
Crosswalk WRT/Packer Tool,test_positive_cmd9,tests.TestCaseUnit.test_positive_cmd9,1,,,,"",,,,,
Crosswalk WRT/Packer Tool,test_positive_cmd90,tests.TestCaseUnit.test_positive_cmd90,1,,,,"",,,,,
Crosswalk WRT/Packer Tool,test_positive_cmd91,tests.TestCaseUnit.test_positive_cmd91,1,,,,"",,,,,
Crosswalk WRT/Packer Tool,test_positive_cmd92,tests.TestCaseUnit.test_positive_cmd92,1,,,,"",,,,,
Crosswalk WRT/Packer Tool,test_positive_cmd93,tests.TestCaseUnit.test_positive_cmd93,1,,,,"",,,,,
Crosswalk WRT/Packer Tool,test_positive_cmd94,tests.TestCaseUnit.test_positive_cmd94,1,,,,"",,,,,
Crosswalk WRT/Packer Tool,test_positive_cmd95,tests.TestCaseUnit.test_positive_cmd95,1,,,,"",,,,,
Crosswalk WRT/Packer Tool,test_positive_cmd96,tests.TestCaseUnit.test_positive_cmd96,1,,,,"",,,,,
Crosswalk WRT/Packer Tool,test_positive_cmd97,tests.TestCaseUnit.test_positive_cmd97,1,,,,"",,,,,
Crosswalk WRT/Packer Tool,test_positive_cmd98,tests.TestCaseUnit.test_positive_cmd98,1,,,,"",,,,,
Crosswalk WRT/Packer Tool,test_positive_cmd99,tests.TestCaseUnit.test_positive_cmd99,1,,,,"",,,,,
Crosswalk WRT/Packer Tool,test_projectdir_antbuild,projectdirtest.TestPackertoolsFunctions.test_projectdir_antbuild,1,,,,"",,,,,
Crosswalk WRT/Packer Tool,test_projectdir_existDir,projectdirtest.TestPackertoolsFunctions.test_projectdir_existDir,1,,,,"",,,,,
Crosswalk WRT/Packer Tool,test_projectdir_existFile,projectdirtest.TestPackertoolsFunctions.test_projectdir_existFile,1,,,,"",,,,,
Crosswalk WRT/Packer Tool,test_projectdir_readOnly,projectdirtest.TestPackertoolsFunctions.test_projectdir_readOnly,1,,,,"",,,,,
Crosswalk WRT/Packer Tool,test_projectonly1,projectonlytest.TestPackertoolsFunctions.test_projectonly1,1,,,,"",,,,,
Crosswalk WRT/Packer Tool,test_projectonly2,projectonlytest.TestPackertoolsFunctions.test_projectonly2,1,,,,"",,,,,
Crosswalk WRT/Security,test_permission_chinese,permissiontest.TestSecurityFunctions.test_permission_chinese,1,,,,"",,,,,
Crosswalk WRT/Security,test_permission_noapi,permissiontest.TestSecurityFunctions.test_permission_noapi,1,,,,"",,,,,
Crosswalk WRT/Security,test_permission_null,permissiontest.TestSecurityFunctions.test_permission_null,1,,,,"",,,,,
Crosswalk WRT/Security,test_permission_splite,permissiontest.TestSecurityFunctions.test_permission_splite,1,,,,"",,,,,
Crosswalk WRT/Shared Mode,Crosswalk_ShareMode_Library_Install_test,Check install xwalk lib,1,,,,"",,,,,
Crosswalk WRT/Shared Mode,Crosswalk_ShareMode_Library_Uninstall_test,Check uninstall xwalk lib,1,,,,"",,,,,
Crosswalk WRT/Shared Mode,Crosswalk_ShareMode_Uninstall_WithAppRunning_test,Check uninstall web app with app running,1,,,,"",,,,,
